Node_ID,District,Historical_Flood_Count,Recent_Flood_Count,Last_Flood_Year,Years_Since_Last_Flood,Flood_2023,Flood_Probability,Predicted_Flood,Risk_Level
591,Raichur,24.0,8.0,2020.0,3.0,1,0.9740848,1,Very High
171,Davangere,18.0,7.0,2020.0,3.0,1,0.97389483,1,Very High
48,Ballari,33.0,9.0,2020.0,3.0,1,0.9735651,1,Very High
803,Yadgir,15.0,8.0,2021.0,2.0,1,0.97291744,1,Very High
186,Dharwad,28.0,11.0,2022.0,1.0,1,0.9728467,1,Very High
230,Gadag,20.0,9.0,2022.0,1.0,1,0.97236913,1,Very High
36,Bagalkote,15.0,7.0,2020.0,3.0,1,0.97236913,1,Very High
147,Chitradurga,21.0,6.0,2020.0,3.0,1,0.9718014,1,Very High
270,Hassan,22.0,8.0,2020.0,3.0,1,0.97179306,1,Very High
73,Belagavi,40.0,17.0,2022.0,1.0,1,0.9714967,1,Very High
75,Bengaluru Rural,37.0,5.0,2020.0,3.0,1,0.9712496,1,Very High
661,Shivamogga,26.0,9.0,2020.0,3.0,1,0.9708264,1,Very High
755,Udupi,20.0,9.0,2020.0,3.0,1,0.9708264,1,Very High
272,Haveri,13.0,7.0,2020.0,3.0,1,0.97078234,1,Very High
603,Ramanagara,9.0,5.0,2020.0,3.0,1,0.97078234,1,Very High
750,Tumakuru,22.0,8.0,2022.0,1.0,1,0.97017384,1,Very High
97,Bijapur,22.0,9.0,2022.0,1.0,0,0.96979576,1,Very High
330,Kalaburagi,23.0,7.0,2022.0,1.0,1,0.9696982,1,Very High
491,Mysuru,21.0,10.0,2022.0,1.0,1,0.96967363,1,Very High
769,Uttara Kannada,41.0,16.0,2022.0,1.0,1,0.9695867,1,Very High
457,Mandya,15.0,6.0,2022.0,1.0,1,0.9691404,1,Very High
143,Chikkaballapura,18.0,6.0,2022.0,1.0,1,0.96896356,1,Very High
383,Kodagu,35.0,13.0,2022.0,1.0,1,0.9684765,1,Very High
394,Koppal,15.0,6.0,2022.0,1.0,1,0.96836543,1,Very High
76,Bengaluru Urban,23.0,9.0,2022.0,1.0,1,0.96836543,1,Very High
388,Kolar,12.0,3.0,2020.0,3.0,1,0.96656436,1,Very High
96,Bidar,15.0,5.0,2020.0,3.0,1,0.9661429,1,Very High
144,Chikkamagaluru,14.0,3.0,2018.0,5.0,1,0.96443343,1,Very High
776,Vijayapura,5.0,1.0,2022.0,1.0,1,0.9642687,1,Very High
119,Chamarajanagara,5.0,1.0,2022.0,1.0,1,0.9642687,1,Very High
120,Chamarajanagaraa Chikkaballapura,6.0,6.0,2020.0,3.0,0,0.9615708,1,Very High
121,Chamarajanagaraa Chitradurga,1.0,1.0,2020.0,3.0,0,0.9369301,1,Very High
163,Dakshina Kannada,41.0,14.0,2022.0,1.0,1,0.9316743,1,Very High
145,Chikodi,1.0,0.0,2008.0,15.0,0,0.8987075,1,Very High
38,Bagalkotee Belagavi,5.0,1.0,2019.0,4.0,0,0.88614786,1,Very High
531,North Goa,11.0,5.0,2022.0,1.0,0,0.87414813,1,Very High
696,South Goa,10.0,7.0,2022.0,1.0,0,0.87414813,1,Very High
39,Bagalkotee Bengaluru Urban,1.0,0.0,2017.0,6.0,0,0.7847021,1,High
124,Chamarajanagaraa Hassan,1.0,0.0,2017.0,6.0,0,0.7551207,1,High
98,Bijapur Surendranagar,1.0,0.0,1993.0,30.0,0,0.74785745,1,High
459,Mangalore,2.0,0.0,2009.0,14.0,0,0.72229713,1,High
323,Jorhat,74.0,12.0,2022.0,1.0,1,0.6967415,1,High
168,Darrang,65.0,20.0,2022.0,1.0,1,0.6967415,1,High
193,Dibrugarh,72.0,21.0,2022.0,1.0,1,0.6967415,1,High
502,Nalbari,60.0,11.0,2022.0,1.0,1,0.6967415,1,High
494,Nagaon,80.0,32.0,2022.0,1.0,1,0.6967415,1,High
190,Dhubri,53.0,9.0,2022.0,1.0,1,0.6967415,1,High
248,Goalpara,62.0,17.0,2022.0,1.0,1,0.6967415,1,High
337,Kamrup,80.0,22.0,2022.0,1.0,1,0.6967415,1,High
263,Hailakandi,40.0,15.0,2022.0,1.0,0,0.69040793,1,High
740,Tinsukia,39.0,8.0,2022.0,1.0,0,0.69040793,1,High
106,Bongaigaon,41.0,10.0,2021.0,2.0,0,0.69040793,1,High
690,Sonitpur,69.0,15.0,2022.0,1.0,1,0.69040793,1,High
104,Biswanath,35.0,19.0,2022.0,1.0,1,0.69040793,1,High
66,Barpeta,70.0,20.0,2022.0,1.0,1,0.69040793,1,High
338,Kamrup Metro,36.0,17.0,2022.0,1.0,1,0.69040793,1,High
135,Charaideo,20.0,5.0,2022.0,1.0,1,0.69040793,1,High
146,Chirang,45.0,26.0,2022.0,1.0,1,0.69040793,1,High
250,Golaghat,57.0,26.0,2022.0,1.0,1,0.69040793,1,High
353,Karbi Anglong,28.0,5.0,2022.0,1.0,0,0.6904079,1,High
413,Lakhimpur,93.0,21.0,2022.0,1.0,1,0.6904079,1,High
682,Sivasagar,67.0,21.0,2022.0,1.0,1,0.6904079,1,High
187,Dhemaji,90.0,23.0,2022.0,1.0,1,0.6904079,1,High
386,Kokrajhar,31.0,5.0,2022.0,1.0,1,0.6904078,1,High
445,Majuli,30.0,14.0,2022.0,1.0,0,0.6904078,1,High
752,Udalguri,23.0,7.0,2022.0,1.0,0,0.68170327,1,High
278,Hojai,24.0,11.0,2022.0,1.0,0,0.68170327,1,High
464,Marigaon,60.0,32.0,2022.0,1.0,1,0.68170327,1,High
45,Baksa,31.0,14.0,2022.0,1.0,1,0.68170327,1,High
699,South Salmara Mancachar,23.0,8.0,2022.0,1.0,0,0.6814216,1,High
355,Karimganj,50.0,10.0,2022.0,1.0,0,0.6774879,1,High
116,Cachar,64.0,21.0,2022.0,1.0,0,0.6774879,1,High
792,West Karbi Anglong,15.0,2.0,2020.0,3.0,0,0.6725495,1,High
194,Dima Hasao,26.0,13.0,2022.0,1.0,0,0.6725494,1,High
420,Leparada,9.0,1.0,2022.0,1.0,0,0.6530742,1,High
336,Kamle,9.0,1.0,2022.0,1.0,0,0.65307415,1,High
540,Pakke Kessang,8.0,0.0,1999.0,24.0,0,0.65307415,1,High
553,Papum Pare,12.0,2.0,2022.0,1.0,0,0.6519362,1,High
795,West Siang,16.0,1.0,2022.0,1.0,0,0.64972365,1,High
134,Changlang,10.0,0.0,2015.0,8.0,0,0.64638376,1,High
423,Longding,10.0,1.0,2022.0,1.0,0,0.64638376,1,High
666,Siang,11.0,0.0,2015.0,8.0,0,0.64638376,1,High
659,Shi Yomi,9.0,0.0,2015.0,8.0,0,0.64638376,1,High
192,Dibang Valley,11.0,1.0,2022.0,1.0,0,0.64638376,1,High
24,Anjaw,10.0,1.0,2022.0,1.0,0,0.64638376,1,High
762,Upper Lower Subansiri,13.0,2.0,2022.0,1.0,1,0.6463837,1,High
208,East Kameng,10.0,1.0,2022.0,1.0,0,0.6463837,1,High
211,East Siang,12.0,0.0,2015.0,8.0,0,0.6463837,1,High
427,Lower Siang,9.0,0.0,2015.0,8.0,0,0.6463837,1,High
422,Lohit,17.0,0.0,2015.0,8.0,1,0.6463837,1,High
506,Namsai,9.0,0.0,2015.0,8.0,0,0.6463837,1,High
426,Lower Lower Subansiri,11.0,0.0,2015.0,8.0,0,0.6463837,1,High
763,Upper Siang,10.0,0.0,2015.0,8.0,0,0.6463837,1,High
791,West Kameng,13.0,1.0,2022.0,1.0,1,0.6463837,1,High
425,Lower Dibang Valley,10.0,1.0,2022.0,1.0,0,0.6463837,1,High
401,Kra Daadi,13.0,4.0,2022.0,1.0,0,0.6463837,1,High
410,Kurung Kumey,12.0,2.0,2022.0,1.0,0,0.6463837,1,High
741,Tirap,9.0,0.0,2015.0,8.0,0,0.64638364,1,High
724,Tawang,17.0,2.0,2022.0,1.0,1,0.64638364,1,High
718,Surendranagar,23.0,1.0,2019.0,4.0,0,0.6298965,1,High
60,Baramulla,14.0,2.0,2022.0,1.0,0,0.613666,1,High
471,Mirpur,5.0,0.0,1992.0,31.0,0,0.613666,1,High
632,Samba,7.0,1.0,2022.0,1.0,0,0.613666,1,High
579,Pulwama,12.0,3.0,2020.0,3.0,1,0.613666,1,High
198,Doda,9.0,0.0,2016.0,7.0,1,0.613666,1,High
754,Udhampur,8.0,1.0,2022.0,1.0,0,0.613666,1,High
363,Kathua,11.0,1.0,2022.0,1.0,0,0.613666,1,High
407,Kupwara,8.0,2.0,2021.0,2.0,0,0.61366594,1,High
614,Reasi,10.0,2.0,2022.0,1.0,0,0.61366594,1,High
234,Ganderbal,12.0,4.0,2021.0,2.0,0,0.61366594,1,High
600,Rajouri,17.0,9.0,2022.0,1.0,1,0.61366594,1,High
663,Shopian,6.0,1.0,2020.0,3.0,0,0.61366594,1,High
404,Kulgam,8.0,2.0,2022.0,1.0,0,0.61366594,1,High
55,Bandipora,7.0,1.0,2019.0,4.0,0,0.61366594,1,High
110,Budgam,8.0,2.0,2022.0,1.0,0,0.61366594,1,High
605,Ramban,9.0,3.0,2022.0,1.0,1,0.61366594,1,High
573,Poonch,16.0,3.0,2022.0,1.0,1,0.6136659,1,High
381,Kishtwar,8.0,3.0,2022.0,1.0,0,0.6136659,1,High
488,Muzaffarabad,5.0,0.0,1992.0,31.0,0,0.6136659,1,High
700,South Salmara Mancachar- Mankachar,2.0,2.0,2020.0,3.0,0,0.60080546,1,High
23,Anantnag,14.0,2.0,2022.0,1.0,0,0.6000321,1,High
452,Mancachar,11.0,0.0,2017.0,6.0,0,0.59793365,1,Moderate
738,Thrissur,50.0,11.0,2022.0,1.0,0,0.59247106,1,Moderate
734,Thiruvananthapuram,115.0,29.0,2022.0,1.0,0,0.59247106,1,Moderate
9,Alappuzha,55.0,13.0,2022.0,1.0,1,0.592471,1,Moderate
446,Malappuram,48.0,13.0,2022.0,1.0,1,0.592471,1,Moderate
287,Itanagar,9.0,6.0,2022.0,1.0,0,0.59024054,1,Moderate
539,Pak,1.0,0.0,2015.0,8.0,0,0.58889747,1,Moderate
359,Kasaragod,30.0,4.0,2021.0,2.0,0,0.5849544,1,Moderate
542,Palakkad,31.0,7.0,2021.0,2.0,0,0.5849544,1,Moderate
215,Ernakulam,43.0,13.0,2022.0,1.0,0,0.5849544,1,Moderate
561,Pathanamthitta,39.0,10.0,2022.0,1.0,1,0.5849544,1,Moderate
400,Kozhikode,54.0,10.0,2021.0,2.0,1,0.5849544,1,Moderate
399,Kottayam,53.0,13.0,2022.0,1.0,1,0.5849544,1,Moderate
283,Idukki,60.0,11.0,2022.0,1.0,0,0.5849543,1,Moderate
683,Sivasagar amd Sonitpur,1.0,0.0,1987.0,36.0,0,0.5821415,1,Moderate
786,Wayanad,76.0,15.0,2022.0,1.0,0,0.5779541,1,Moderate
346,Kannur,48.0,14.0,2022.0,1.0,1,0.57631403,1,Moderate
392,Kollam,55.0,9.0,2022.0,1.0,0,0.576314,1,Moderate
589,Purulia,12.0,1.0,2019.0,4.0,0,0.56546575,1,Moderate
639,Santal Pargan,1.0,0.0,1980.0,43.0,0,0.5653317,1,Moderate
710,Srinagar,14.0,1.0,2020.0,3.0,0,0.5643692,1,Moderate
412,Lahul And Spiti,16.0,0.0,2007.0,16.0,1,0.56265646,1,Moderate
685,Solan,21.0,1.0,2021.0,2.0,1,0.56265646,1,Moderate
454,Mandi,33.0,0.0,2017.0,6.0,1,0.56265646,1,Moderate
660,Shimla,52.0,3.0,2022.0,1.0,1,0.56265646,1,Moderate
676,Sirmaur,22.0,0.0,2017.0,6.0,1,0.56265646,1,Moderate
126,Chamba,32.0,3.0,2022.0,1.0,1,0.56265646,1,Moderate
378,Kinnaur,27.0,2.0,2021.0,2.0,0,0.5626564,1,Moderate
759,Una,21.0,0.0,2017.0,6.0,1,0.5626564,1,Moderate
537,Nuapada,14.0,1.0,2019.0,4.0,0,0.55921465,1,Moderate
316,Jharsuguda,15.0,1.0,2019.0,4.0,0,0.55921465,1,Moderate
449,Malkangiri,15.0,1.0,2019.0,4.0,0,0.55921465,1,Moderate
238,Ganjam,21.0,1.0,2019.0,4.0,0,0.55921465,1,Moderate
467,Mayurbhanj,19.0,1.0,2019.0,4.0,0,0.55921465,1,Moderate
174,Deogarh,13.0,1.0,2019.0,4.0,0,0.55921465,1,Moderate
188,Dhenkanal,20.0,2.0,2021.0,2.0,0,0.55921465,1,Moderate
47,Balangir,14.0,1.0,2019.0,4.0,0,0.55921465,1,Moderate
63,Bargarh,19.0,1.0,2019.0,4.0,0,0.55921465,1,Moderate
517,Nayagarh,16.0,1.0,2019.0,4.0,0,0.55921465,1,Moderate
715,Sundargarh,15.0,1.0,2019.0,4.0,0,0.55921465,1,Moderate
83,Bhadrak,18.0,1.0,2019.0,4.0,0,0.55921465,1,Moderate
289,Jagatsinghapur,16.0,2.0,2021.0,2.0,0,0.55921465,1,Moderate
25,Anugul,17.0,2.0,2021.0,2.0,0,0.55921465,1,Moderate
374,Khordha,18.0,3.0,2021.0,2.0,0,0.55921465,1,Moderate
395,Koraput,24.0,3.0,2021.0,2.0,0,0.55921465,1,Moderate
613,Rayagada,14.0,1.0,2019.0,4.0,0,0.55921465,1,Moderate
340,Kandhamal,20.0,3.0,2021.0,2.0,0,0.55921465,1,Moderate
633,Sambalpur,20.0,1.0,2019.0,4.0,0,0.55921465,1,Moderate
587,Puri,28.0,2.0,2021.0,2.0,0,0.55921465,1,Moderate
711,Subarnapur,15.0,1.0,2019.0,4.0,0,0.5592146,1,Moderate
294,Jajapur,17.0,2.0,2021.0,2.0,0,0.5592146,1,Moderate
108,Boudh,16.0,1.0,2019.0,4.0,0,0.5592146,1,Moderate
233,Gajapati,16.0,1.0,2019.0,4.0,0,0.5592146,1,Moderate
331,Kalahandi,21.0,3.0,2021.0,2.0,0,0.5592146,1,Moderate
158,Cuttack,34.0,2.0,2021.0,2.0,0,0.5592146,1,Moderate
367,Kendrapara,19.0,3.0,2021.0,2.0,0,0.5592146,1,Moderate
368,Kendujhar,23.0,1.0,2019.0,4.0,0,0.5592146,1,Moderate
342,Kangra,41.0,3.0,2021.0,2.0,0,0.55863863,1,Moderate
301,Jammu,19.0,0.0,2015.0,8.0,0,0.55170953,1,Moderate
37,Bagalkotee Ballari,1.0,0.0,2017.0,6.0,0,0.548064,1,Moderate
443,Mahrajganj,15.0,1.0,2020.0,3.0,0,0.54410595,1,Moderate
343,Kannauj,18.0,4.0,2018.0,5.0,1,0.54410595,1,Moderate
52,Balrampur,17.0,3.0,2020.0,3.0,0,0.5441059,1,Moderate
43,Baghpat,15.0,1.0,2021.0,2.0,0,0.5441059,1,Moderate
78,Bhadohi,14.0,0.0,2017.0,6.0,0,0.5441059,1,Moderate
411,Kushinagar,16.0,2.0,2020.0,3.0,0,0.5441059,1,Moderate
130,Chandauli,15.0,1.0,2018.0,5.0,0,0.5441059,1,Moderate
266,Hapur,14.0,0.0,2008.0,15.0,0,0.5441059,1,Moderate
638,Sant Kabir Nagar,16.0,2.0,2020.0,3.0,1,0.5441059,1,Moderate
366,Kaushambi,15.0,2.0,2022.0,1.0,0,0.5441059,1,Moderate
653,Shahjahanpur,16.0,2.0,2022.0,1.0,0,0.5441059,1,Moderate
667,Siddharthnagar,17.0,2.0,2020.0,3.0,0,0.5441059,1,Moderate
271,Hathras,14.0,0.0,2009.0,14.0,1,0.5441059,1,Moderate
240,Gautam Buddha Nagar,15.0,1.0,2022.0,1.0,1,0.5441059,1,Moderate
466,Mau,15.0,1.0,2020.0,3.0,0,0.5441059,1,Moderate
20,Amroha,14.0,0.0,2008.0,15.0,0,0.5441059,1,Moderate
16,Amethi,17.0,3.0,2022.0,1.0,1,0.5441058,1,Moderate
15,Ambedkar Nagar,18.0,5.0,2022.0,1.0,0,0.5441058,1,Moderate
688,Sonbhadra,14.0,0.0,2017.0,6.0,0,0.5441058,1,Moderate
664,Shrawasti,18.0,4.0,2022.0,1.0,0,0.5441058,1,Moderate
259,Gurdaspur,21.0,3.0,2020.0,3.0,1,0.54269826,1,Moderate
222,Faridkot,16.0,3.0,2020.0,3.0,1,0.54269826,1,Moderate
228,Ferozepur,22.0,3.0,2020.0,3.0,1,0.5426982,1,Moderate
652,Shahid Bhagat Singh Nagar,11.0,3.0,2020.0,3.0,1,0.5426982,1,Moderate
225,Fatehgarh Sahib,12.0,3.0,2020.0,3.0,1,0.5426982,1,Moderate
227,Fazilka,13.0,3.0,2020.0,3.0,1,0.5426982,1,Moderate
637,Sangrur,15.0,3.0,2020.0,3.0,1,0.5426982,1,Moderate
563,Patiala,26.0,3.0,2020.0,3.0,1,0.5426982,1,Moderate
708,Sri Sri Muktsar Sahib Sahib,12.0,3.0,2020.0,3.0,1,0.5426982,1,Moderate
430,Ludhiana,21.0,3.0,2020.0,3.0,1,0.5426982,1,Moderate
280,Hoshiarpur,19.0,3.0,2020.0,3.0,1,0.5426982,1,Moderate
295,Jalandhar,21.0,3.0,2020.0,3.0,1,0.5426982,1,Moderate
723,Tarn Taran,12.0,3.0,2020.0,3.0,1,0.5426982,1,Moderate
65,Barnala,12.0,3.0,2020.0,3.0,1,0.5426982,1,Moderate
461,Mansa,12.0,3.0,2020.0,3.0,1,0.5426982,1,Moderate
473,Moga,12.0,3.0,2020.0,3.0,1,0.5426982,1,Moderate
562,Pathankot,12.0,3.0,2020.0,3.0,1,0.5426982,1,Moderate
10,Aligarh,15.0,0.0,2008.0,15.0,0,0.5419798,1,Moderate
590,Rae Bareli,22.0,7.0,2022.0,1.0,0,0.5419165,1,Moderate
655,Shamli,15.0,2.0,2018.0,5.0,0,0.5416358,1,Moderate
415,Lalitpur,15.0,2.0,2018.0,5.0,0,0.5416357,1,Moderate
32,Auraiya,18.0,5.0,2018.0,5.0,0,0.5416357,1,Moderate
634,Sambhal,15.0,2.0,2022.0,1.0,1,0.5416357,1,Moderate
360,Kasganj,14.0,1.0,2018.0,5.0,0,0.5416357,1,Moderate
229,Firozabad,19.0,6.0,2022.0,1.0,0,0.5416357,1,Moderate
148,Chitrakoot,17.0,2.0,2021.0,2.0,0,0.54163563,1,Moderate
442,Mahoba,14.0,1.0,2018.0,5.0,0,0.54163563,1,Moderate
268,Hardoi,27.0,11.0,2022.0,1.0,1,0.5402531,1,Moderate
296,Jalaun,19.0,4.0,2022.0,1.0,1,0.53992254,1,Moderate
315,Jhansi,17.0,2.0,2018.0,5.0,0,0.53992254,1,Moderate
2,Agra,20.0,3.0,2018.0,5.0,0,0.53979355,1,Moderate
607,Rampur,15.0,1.0,2018.0,5.0,1,0.5392346,1,Moderate
624,S.A.S Nagar,12.0,3.0,2020.0,3.0,1,0.53835016,1,Moderate
622,Rupnagar,19.0,3.0,2020.0,3.0,1,0.5383501,1,Moderate
19,Amritsar,25.0,3.0,2020.0,3.0,1,0.5383501,1,Moderate
350,Kapurthala,19.0,3.0,2020.0,3.0,1,0.5383501,1,Moderate
70,Bathinda,20.0,3.0,2020.0,3.0,1,0.53835005,1,Moderate
219,Etah,20.0,3.0,2022.0,1.0,0,0.5368673,1,Moderate
109,Budaun,20.0,3.0,2021.0,2.0,1,0.53686726,1,Moderate
429,Lucknow,29.0,6.0,2019.0,4.0,0,0.53686726,1,Moderate
220,Etawah,26.0,5.0,2022.0,1.0,0,0.5368672,1,Moderate
118,Central Part of Uttar Kashi Pradesh,1.0,1.0,2018.0,5.0,0,0.5361888,1,Moderate
393,Kollam Kozhikode,1.0,0.0,2010.0,13.0,0,0.5356638,1,Moderate
680,Sitapur,33.0,10.0,2022.0,1.0,1,0.5347537,1,Moderate
34,Ayodhya,29.0,5.0,2022.0,1.0,0,0.5347537,1,Moderate
714,Sultanpur,23.0,4.0,2018.0,5.0,1,0.5347537,1,Moderate
444,Mainpuri,18.0,1.0,2018.0,5.0,0,0.5347536,1,Moderate
69,Basti,32.0,3.0,2022.0,1.0,0,0.5347536,1,Moderate
349,Kanpur nagar Nagar,23.0,4.0,2018.0,5.0,0,0.53475356,1,Moderate
223,Farrukhabad,22.0,4.0,2022.0,1.0,0,0.5347535,1,Moderate
465,Mathura,22.0,3.0,2018.0,5.0,1,0.5347535,1,Moderate
348,Kanpur nagar Dehat,27.0,8.0,2022.0,1.0,0,0.5347535,1,Moderate
54,Banda,21.0,3.0,2022.0,1.0,0,0.53463775,1,Moderate
761,Unnao,30.0,9.0,2022.0,1.0,1,0.53441036,1,Moderate
570,Pilibhit,19.0,1.0,2022.0,1.0,0,0.53367364,1,Moderate
627,Saharanpur,20.0,1.0,2022.0,1.0,0,0.53367364,1,Moderate
244,Ghazipur,21.0,1.0,2018.0,5.0,0,0.532945,1,Moderate
59,Bara Banki,37.0,10.0,2022.0,1.0,0,0.5323003,1,Moderate
577,Prayagraj,29.0,4.0,2022.0,1.0,1,0.53156406,1,Moderate
576,Pratapgarh,27.0,4.0,2022.0,1.0,1,0.53156406,1,Moderate
373,Kheri,34.0,8.0,2022.0,1.0,0,0.53156406,1,Moderate
773,Varanasi,31.0,3.0,2021.0,2.0,0,0.53156406,1,Moderate
62,Bareilly,17.0,0.0,2015.0,8.0,1,0.5312553,1,Moderate
308,Jaunpur,23.0,1.0,2018.0,5.0,0,0.53107685,1,Moderate
277,Hisar,16.0,0.0,2009.0,14.0,0,0.5308361,1,Moderate
689,Sonipat,19.0,0.0,2009.0,14.0,0,0.5308361,1,Moderate
313,Jhajjar,9.0,0.0,2010.0,13.0,0,0.5308361,1,Moderate
548,Palwal,8.0,0.0,1996.0,27.0,0,0.5308361,1,Moderate
439,Mahendragarh,8.0,0.0,1996.0,27.0,0,0.5308361,1,Moderate
616,Rewari,10.0,0.0,2009.0,14.0,0,0.5308361,1,Moderate
678,Sirsa,15.0,0.0,2005.0,18.0,0,0.5308361,1,Moderate
260,Gurugram,10.0,0.0,2005.0,18.0,1,0.5308361,1,Moderate
14,Ambala,19.0,0.0,2010.0,13.0,1,0.53083605,1,Moderate
409,Kurukshetra,16.0,0.0,2010.0,13.0,1,0.53083605,1,Moderate
221,Faridabad,12.0,0.0,2008.0,15.0,1,0.53083605,1,Moderate
224,Fatehabad,9.0,0.0,2005.0,18.0,0,0.53083605,1,Moderate
618,Rohtak,14.0,0.0,1998.0,25.0,0,0.53083605,1,Moderate
328,Kaithal,11.0,0.0,2010.0,13.0,0,0.53083605,1,Moderate
357,Karnal,15.0,0.0,2009.0,14.0,1,0.53083605,1,Moderate
136,Charki Dadri,8.0,0.0,1996.0,27.0,0,0.53083605,1,Moderate
551,Panipat,12.0,0.0,2009.0,14.0,1,0.53083605,1,Moderate
550,Panchkula,12.0,0.0,2009.0,14.0,1,0.53083605,1,Moderate
92,Bhiwani,13.0,0.0,2009.0,14.0,1,0.53083605,1,Moderate
319,Jind,15.0,0.0,2009.0,14.0,0,0.53083605,1,Moderate
538,Nuh,8.0,0.0,1996.0,27.0,0,0.53083605,1,Moderate
804,Yamunanagar,13.0,0.0,2007.0,16.0,1,0.53083605,1,Moderate
243,Ghaziabad,18.0,2.0,2022.0,1.0,0,0.5303552,1,Moderate
489,Muzaffarnagar,21.0,2.0,2022.0,1.0,1,0.52949136,1,Moderate
472,Mirzapur,24.0,1.0,2018.0,5.0,1,0.5294913,1,Moderate
226,Fatehpur,26.0,8.0,2022.0,1.0,0,0.52911466,1,Moderate
405,Kullu,41.0,5.0,2022.0,1.0,1,0.5290588,1,Moderate
35,Azamgarh,30.0,3.0,2020.0,3.0,0,0.52896875,1,Moderate
470,Meerut,21.0,0.0,2016.0,7.0,0,0.52796954,1,Moderate
49,Ballia,36.0,4.0,2022.0,1.0,0,0.527425,1,Moderate
44,Bahraich,36.0,4.0,2020.0,3.0,0,0.52738625,1,Moderate
252,Gonda,53.0,13.0,2022.0,1.0,0,0.5273862,1,Moderate
254,Gorakhpur,33.0,3.0,2022.0,1.0,0,0.5264949,1,Moderate
264,Hamirpur,57.0,4.0,2022.0,1.0,0,0.52544093,1,Moderate
176,Deoria,30.0,1.0,2020.0,3.0,1,0.5223569,1,Moderate
499,Nagpur,83.0,25.0,2022.0,1.0,1,0.521642,1,Moderate
111,Bulandshahr,19.0,1.0,2022.0,1.0,0,0.52163637,1,Moderate
583,Purba Purba Bardhaman,14.0,2.0,2021.0,2.0,0,0.5212189,1,Moderate
162,Dakshin Dinajpur,24.0,1.0,2019.0,4.0,0,0.5172113,1,Moderate
382,Kochi,1.0,0.0,2010.0,13.0,0,0.5171287,1,Moderate
57,Bankura,14.0,1.0,2019.0,4.0,0,0.5170063,1,Moderate
369,Khagaria,31.0,3.0,2021.0,2.0,0,0.515383,1,Moderate
311,Jehanabad,20.0,1.0,2019.0,4.0,0,0.515383,1,Moderate
501,Nalanda,26.0,2.0,2019.0,4.0,0,0.515383,1,Moderate
304,Jamui,19.0,0.0,2007.0,16.0,0,0.515383,1,Moderate
516,Nawada,21.0,1.0,2019.0,4.0,0,0.515383,1,Moderate
380,Kishanganj,26.0,2.0,2020.0,3.0,0,0.515383,1,Moderate
432,Madhepura,26.0,3.0,2020.0,3.0,0,0.515383,1,Moderate
656,Sheikhpura,19.0,0.0,2007.0,16.0,0,0.51538295,1,Moderate
619,Rohtas,20.0,0.0,2017.0,6.0,0,0.51538295,1,Moderate
657,Sheohar,24.0,2.0,2020.0,3.0,0,0.51538295,1,Moderate
115,Buxar,25.0,4.0,2021.0,2.0,0,0.51538295,1,Moderate
716,Supaul,29.0,2.0,2020.0,3.0,0,0.51538295,1,Moderate
414,Lakhisarai,23.0,2.0,2021.0,2.0,0,0.51538295,1,Moderate
253,Gopalganj,25.0,1.0,2020.0,3.0,0,0.51538295,1,Moderate
327,Kaimur (Bhabua),19.0,0.0,2007.0,16.0,0,0.51538295,1,Moderate
30,Arwal,20.0,1.0,2019.0,4.0,0,0.51538295,1,Moderate
241,Gaya,22.0,0.0,2016.0,7.0,0,0.51538295,1,Moderate
33,Aurangabad,41.0,6.0,2021.0,2.0,0,0.51538295,1,Moderate
27,Araria,26.0,1.0,2019.0,4.0,0,0.51538295,1,Moderate
771,Vaishali,30.0,3.0,2021.0,2.0,0,0.5153829,1,Moderate
42,Bageshwar,33.0,3.0,2021.0,2.0,0,0.51272416,1,Moderate
631,Samastipur,31.0,3.0,2021.0,2.0,0,0.5123547,1,Moderate
641,Saran,32.0,3.0,2021.0,2.0,0,0.5123546,1,Moderate
679,Sitamarhi,35.0,2.0,2020.0,3.0,0,0.5123546,1,Moderate
433,Madhubani,37.0,2.0,2020.0,3.0,0,0.5123546,1,Moderate
72,Begusarai,33.0,3.0,2021.0,2.0,0,0.5123546,1,Moderate
684,Siwan,27.0,4.0,2020.0,3.0,0,0.5123546,1,Moderate
564,Patna,35.0,3.0,2021.0,2.0,0,0.5123546,1,Moderate
364,Katihar,35.0,3.0,2021.0,2.0,0,0.5123546,1,Moderate
588,Purnia,28.0,1.0,2019.0,4.0,0,0.5123546,1,Moderate
628,Saharsa,30.0,3.0,2021.0,2.0,0,0.5123546,1,Moderate
558,Pashchim Champaran,32.0,2.0,2020.0,3.0,0,0.5123546,1,Moderate
490,Muzaffarpur,31.0,2.0,2021.0,2.0,0,0.5123546,1,Moderate
486,Munger,31.0,1.0,2021.0,2.0,1,0.5123546,1,Moderate
585,Purbi Champaran,35.0,2.0,2020.0,3.0,0,0.51235455,1,Moderate
93,Bhojpur,30.0,3.0,2021.0,2.0,0,0.51235455,1,Moderate
166,Darbhanga,33.0,4.0,2021.0,2.0,0,0.51235455,1,Moderate
21,Anand,12.0,0.0,2017.0,6.0,1,0.511191,1,Moderate
29,Arvalli,12.0,1.0,2019.0,4.0,0,0.511191,1,Moderate
297,Jalgaon,17.0,4.0,2022.0,1.0,1,0.511191,1,Moderate
53,Banas Kantha,14.0,0.0,2017.0,6.0,0,0.511191,1,Moderate
85,Bhandara,24.0,4.0,2022.0,1.0,0,0.511191,1,Moderate
806,Yavatmal,32.0,11.0,2022.0,1.0,1,0.511191,1,Moderate
191,Dhule,9.0,2.0,2022.0,1.0,0,0.51119095,1,Moderate
4,Ahmednagar,18.0,5.0,2022.0,1.0,1,0.51119095,1,Moderate
417,Latur,17.0,4.0,2021.0,2.0,1,0.51119095,1,Moderate
71,Beed,26.0,9.0,2021.0,2.0,0,0.51119095,1,Moderate
580,Pune,64.0,16.0,2022.0,1.0,1,0.51119095,1,Moderate
184,Dharashiv,20.0,8.0,2021.0,2.0,0,0.51119095,1,Moderate
574,Porbandar,15.0,2.0,2021.0,2.0,0,0.51119095,1,Moderate
554,Parbhani,24.0,9.0,2022.0,1.0,0,0.51119095,1,Moderate
112,Buldhana,20.0,7.0,2021.0,2.0,0,0.51119095,1,Moderate
441,Mahisagar,11.0,0.0,2017.0,6.0,0,0.51119095,1,Moderate
642,Satara,16.0,3.0,2021.0,2.0,1,0.51119095,1,Moderate
686,Solapur,11.0,3.0,2021.0,2.0,1,0.51119095,1,Moderate
507,Nanded,26.0,8.0,2022.0,1.0,0,0.51119095,1,Moderate
231,Gadchiroli,26.0,9.0,2022.0,1.0,0,0.51119095,1,Moderate
276,Hingoli,16.0,8.0,2022.0,1.0,0,0.51119095,1,Moderate
298,Jalna,21.0,7.0,2021.0,2.0,0,0.51119095,1,Moderate
508,Nandurbar,10.0,2.0,2022.0,1.0,0,0.51119095,1,Moderate
514,Nashik,40.0,15.0,2022.0,1.0,1,0.51119095,1,Moderate
636,Sangli,14.0,4.0,2021.0,2.0,1,0.5111909,1,Moderate
482,Mumbai,64.0,13.0,2022.0,1.0,0,0.50944483,1,Moderate
390,Kolhapur,28.0,8.0,2021.0,2.0,1,0.50944483,1,Moderate
674,Sindhudurg,20.0,7.0,2022.0,1.0,0,0.5094448,1,Moderate
545,Palghar,14.0,11.0,2022.0,1.0,0,0.5094448,1,Moderate
484,Mumbai Suburban,8.0,2.0,2022.0,1.0,0,0.5094448,1,Moderate
728,Thane,39.0,12.0,2022.0,1.0,0,0.5094448,1,Moderate
612,Ratnagiri,27.0,9.0,2022.0,1.0,0,0.5094448,1,Moderate
302,Jamnagar,20.0,2.0,2021.0,2.0,0,0.5079339,1,Moderate
324,Junagadh,31.0,6.0,2022.0,1.0,0,0.5079339,1,Moderate
770,Vadodara,24.0,2.0,2019.0,4.0,0,0.5079339,1,Moderate
88,Bharuch,31.0,3.0,2022.0,1.0,0,0.5079339,1,Moderate
89,Bhavnagar,19.0,2.0,2019.0,4.0,0,0.5079339,1,Moderate
107,Botad,15.0,1.0,2019.0,4.0,0,0.5079339,1,Moderate
160,Dahod,11.0,0.0,2016.0,7.0,0,0.5079339,1,Moderate
560,Patan,13.0,1.0,2019.0,4.0,0,0.5079339,1,Moderate
326,Kachchh,20.0,5.0,2022.0,1.0,0,0.5079339,1,Moderate
440,Mahesana,15.0,0.0,2017.0,6.0,0,0.5079339,1,Moderate
235,Gandhinagar,13.0,1.0,2019.0,4.0,0,0.5079339,1,Moderate
245,Gir Somnath,21.0,4.0,2022.0,1.0,0,0.5079339,1,Moderate
477,Morbi,16.0,1.0,2022.0,1.0,0,0.50793386,1,Moderate
18,Amreli,25.0,5.0,2022.0,1.0,0,0.50793386,1,Moderate
178,Devbhumi Dwarka Dwarka,17.0,2.0,2020.0,3.0,0,0.50793386,1,Moderate
598,Rajkot,23.0,2.0,2021.0,2.0,0,0.50793386,1,Moderate
625,Sabar Kantha,16.0,0.0,2016.0,7.0,0,0.50793386,1,Moderate
165,Dangs,23.0,4.0,2022.0,1.0,0,0.50793386,1,Moderate
476,Moradabad,21.0,1.0,2022.0,1.0,0,0.5066853,1,Moderate
99,Bijnor,16.0,0.0,2008.0,15.0,1,0.5066852,1,Moderate
717,Surat,31.0,4.0,2022.0,1.0,0,0.5062126,1,Moderate
151,Chota Udaipur,12.0,2.0,2022.0,1.0,0,0.5062126,1,Moderate
511,Narmada,16.0,3.0,2022.0,1.0,0,0.5062126,1,Moderate
372,Kheda,16.0,3.0,2022.0,1.0,0,0.50621253,1,Moderate
17,Amravati,36.0,9.0,2022.0,1.0,1,0.5061881,1,Moderate
133,Chandrapur,32.0,6.0,2022.0,1.0,1,0.5061881,1,Moderate
8,Akola,29.0,7.0,2022.0,1.0,1,0.5061881,1,Moderate
785,Washim,32.0,19.0,2022.0,1.0,0,0.50618804,1,Moderate
487,Murshidabad,26.0,1.0,2019.0,4.0,0,0.5059736,1,Moderate
772,Valsad,27.0,4.0,2022.0,1.0,0,0.5029699,1,Moderate
549,Panch Mahals,19.0,2.0,2022.0,1.0,0,0.5029699,1,Moderate
515,Navsari,24.0,6.0,2022.0,1.0,0,0.50296986,1,Moderate
3,Ahmedabad,28.0,4.0,2022.0,1.0,0,0.50296986,1,Moderate
722,Tapi,20.0,6.0,2022.0,1.0,0,0.50296986,1,Moderate
102,Birbhum,21.0,1.0,2019.0,4.0,0,0.50242096,1,Moderate
91,Bhind,9.0,3.0,2021.0,2.0,0,0.5019336,1,Moderate
31,Ashoknagar,4.0,1.0,2021.0,2.0,0,0.5019336,1,Moderate
662,Shivpuri,8.0,3.0,2022.0,1.0,0,0.5019336,1,Moderate
140,Chhatarpur,6.0,1.0,2022.0,1.0,0,0.5019336,1,Moderate
658,Sheopur,5.0,2.0,2021.0,2.0,0,0.5019336,1,Moderate
654,Shajapur,5.0,1.0,2022.0,1.0,1,0.5019336,1,Moderate
169,Datia,6.0,1.0,2021.0,2.0,0,0.5019336,1,Moderate
552,Panna,5.0,0.0,2016.0,7.0,0,0.5019336,1,Moderate
775,Vidisha,10.0,0.0,2016.0,7.0,0,0.5019336,1,Moderate
11,Alirajpur,3.0,0.0,1973.0,50.0,0,0.5019336,1,Moderate
257,Guna,9.0,1.0,2021.0,2.0,0,0.5019336,1,Moderate
197,Dindori,3.0,0.0,1973.0,50.0,0,0.5019336,1,Moderate
611,Ratlam,6.0,0.0,1984.0,39.0,0,0.5019336,1,Moderate
210,East Nimar,3.0,0.0,1973.0,50.0,0,0.5019336,1,Moderate
615,Rewa,13.0,2.0,2021.0,2.0,0,0.5019336,1,Moderate
626,Sagar,9.0,0.0,2006.0,17.0,0,0.5019336,1,Moderate
179,Dewas,7.0,0.0,2003.0,20.0,0,0.5019336,1,Moderate
365,Katni,4.0,0.0,2007.0,16.0,0,0.5019335,1,Moderate
643,Satna,6.0,1.0,2020.0,3.0,0,0.5019335,1,Moderate
595,Raisen,6.0,0.0,2011.0,12.0,0,0.5019335,1,Moderate
597,Rajgarh,5.0,0.0,2006.0,17.0,1,0.5019335,1,Moderate
478,Morena,9.0,2.0,2022.0,1.0,0,0.5019335,1,Moderate
1,Agar-Malwa,3.0,0.0,1973.0,50.0,0,0.5019335,1,Moderate
77,Betul,4.0,0.0,2000.0,23.0,0,0.5019335,1,Moderate
669,Sidhi,3.0,0.0,1973.0,50.0,0,0.5019335,1,Moderate
456,Mandsaur,7.0,0.0,2007.0,16.0,1,0.5019335,1,Moderate
651,Shahdol,3.0,0.0,1973.0,50.0,0,0.5019335,1,Moderate
675,Singrauli,5.0,2.0,2021.0,2.0,0,0.5019335,1,Moderate
26,Anuppur,3.0,0.0,1973.0,50.0,0,0.5019335,1,Moderate
758,Umaria,3.0,0.0,1973.0,50.0,1,0.5019335,1,Moderate
267,Harda,4.0,1.0,2018.0,5.0,0,0.5019335,1,Moderate
522,Niwari,3.0,0.0,1973.0,50.0,0,0.5019335,1,Moderate
261,Gwalior,8.0,2.0,2021.0,2.0,0,0.5019335,1,Moderate
518,Neemuch,4.0,0.0,2011.0,12.0,0,0.50193346,1,Moderate
739,Tikamgarh,5.0,0.0,2000.0,23.0,0,0.5001665,1,Moderate
56,Banka,20.0,0.0,2007.0,16.0,0,0.4976305,0,Moderate
312,Jhabua,5.0,0.0,2004.0,19.0,0,0.49630475,0,Moderate
645,Sehore,10.0,2.0,2019.0,4.0,1,0.49630475,0,Moderate
183,Dhar,7.0,1.0,2020.0,3.0,0,0.49630472,0,Moderate
513,Narsimhapur,4.0,0.0,1986.0,37.0,0,0.49630472,0,Moderate
142,Chhindwara,11.0,0.0,2012.0,11.0,0,0.49630472,0,Moderate
286,Indore,13.0,0.0,2013.0,10.0,1,0.4963047,0,Moderate
94,Bhopal,16.0,1.0,2019.0,4.0,0,0.49630466,0,Moderate
784,Wardha,31.0,9.0,2022.0,1.0,0,0.4952723,0,Moderate
493,Nadia,23.0,1.0,2019.0,4.0,0,0.49510399,0,Moderate
150,Chittorgarh,4.0,0.0,1990.0,33.0,0,0.49507862,0,Moderate
498,Nagaur,9.0,2.0,2022.0,1.0,1,0.49507862,0,Moderate
265,Hanumangarh,6.0,0.0,2014.0,9.0,0,0.49507862,0,Moderate
64,Barmer,8.0,1.0,2022.0,1.0,0,0.4950786,0,Moderate
398,Kota,19.0,2.0,2022.0,1.0,0,0.4950786,0,Moderate
236,Ganganagar,12.0,1.0,2022.0,1.0,0,0.4950786,0,Moderate
601,Rajsamand,5.0,1.0,2022.0,1.0,0,0.4950786,0,Moderate
321,Jodhpur,19.0,1.0,2022.0,1.0,0,0.4950786,0,Moderate
747,Tonk,10.0,2.0,2022.0,1.0,1,0.4950786,0,Moderate
58,Banswara,10.0,1.0,2022.0,1.0,0,0.4950786,0,Moderate
170,Dausa,8.0,1.0,2022.0,1.0,0,0.4950786,0,Moderate
299,Jalore,10.0,1.0,2022.0,1.0,0,0.49507856,0,Moderate
546,Pali,13.0,1.0,2022.0,1.0,0,0.49507856,0,Moderate
670,Sikar,7.0,0.0,2003.0,20.0,0,0.49507856,0,Moderate
61,Baran,13.0,3.0,2022.0,1.0,0,0.49507856,0,Moderate
90,Bhilwara,12.0,1.0,2022.0,1.0,0,0.49507856,0,Moderate
314,Jhalawar,12.0,3.0,2022.0,1.0,0,0.49507856,0,Moderate
318,Jhunjhunu,6.0,0.0,2003.0,20.0,0,0.49507853,0,Moderate
189,Dholpur,7.0,1.0,2022.0,1.0,0,0.49507853,0,Moderate
200,Dungarpur,7.0,2.0,2022.0,1.0,0,0.49507853,0,Moderate
352,Karauli,7.0,2.0,2022.0,1.0,0,0.49507853,0,Moderate
677,Sirohi,11.0,1.0,2022.0,1.0,0,0.49507853,0,Moderate
113,Bundi,12.0,3.0,2022.0,1.0,0,0.49507853,0,Moderate
84,Bhagalpur,30.0,2.0,2021.0,2.0,0,0.49463174,0,Moderate
371,Khargone (Khargone (West Nimar)),11.0,1.0,2022.0,1.0,0,0.4938813,0,Moderate
114,Burhanpur,7.0,2.0,2020.0,3.0,0,0.4938813,0,Moderate
67,Barwani,4.0,0.0,2006.0,17.0,0,0.49388126,0,Moderate
751,Udaiur,13.0,3.0,2022.0,1.0,1,0.49218324,0,Moderate
164,Damoh,7.0,0.0,2016.0,7.0,0,0.49174973,0,Moderate
526,North 24 Parganas,47.0,3.0,2021.0,2.0,0,0.4915578,0,Moderate
154,Churu,10.0,1.0,2022.0,1.0,0,0.48828563,0,Moderate
100,Bikaner,12.0,3.0,2022.0,1.0,0,0.4882856,0,Moderate
293,Jaisalmer,7.0,0.0,2010.0,13.0,0,0.4882856,0,Moderate
756,Ujjain,10.0,0.0,2007.0,16.0,0,0.48737568,0,Moderate
644,Sawai Madhopur,10.0,1.0,2022.0,1.0,1,0.48627293,0,Moderate
292,Jaipur,13.0,1.0,2022.0,1.0,1,0.48627293,0,Moderate
87,Bharatpur,18.0,1.0,2020.0,3.0,0,0.4862729,0,Moderate
6,Ajmer,20.0,1.0,2019.0,4.0,1,0.48627287,0,Moderate
13,Alwar,18.0,1.0,2022.0,1.0,0,0.48627287,0,Moderate
117,Central,7.0,1.0,2022.0,1.0,0,0.4851981,0,Moderate
650,Shahdara,6.0,0.0,1995.0,28.0,0,0.4851981,0,Moderate
529,North East,6.0,0.0,1995.0,28.0,1,0.4851981,0,Moderate
694,South East,6.0,0.0,1995.0,28.0,0,0.4851981,0,Moderate
787,West,6.0,0.0,1995.0,28.0,1,0.4851981,0,Moderate
702,South West,7.0,0.0,1995.0,28.0,0,0.4851981,0,Moderate
691,South,6.0,0.0,1995.0,28.0,0,0.4851981,0,Moderate
533,North West,7.0,0.0,1995.0,28.0,0,0.4851981,0,Moderate
520,New New Delhi,12.0,0.0,2011.0,12.0,0,0.48519808,0,Moderate
167,Darjeeling,43.0,2.0,2019.0,4.0,0,0.4850994,0,Moderate
447,Malda,33.0,1.0,2019.0,4.0,0,0.4812993,0,Moderate
46,Balaghat,7.0,0.0,2006.0,17.0,0,0.47822142,0,Moderate
592,Raigad,2.0,0.0,2016.0,7.0,0,0.4767512,0,Moderate
347,Kanpur nagar,5.0,1.0,2022.0,1.0,1,0.47629368,0,Moderate
300,Jalpaiguri,37.0,3.0,2022.0,1.0,0,0.47300678,0,Moderate
647,Seoni,9.0,2.0,2022.0,1.0,0,0.4698904,0,Moderate
455,Mandla,5.0,0.0,2001.0,22.0,0,0.4698904,0,Moderate
525,North,9.0,0.0,2017.0,6.0,1,0.45925653,0,Moderate
101,Bilaspur,25.0,1.0,2022.0,1.0,0,0.4579084,0,Moderate
730,The Dangs,1.0,1.0,2022.0,1.0,0,0.45722115,0,Moderate
232,Gadchiroli Yavotmal,1.0,0.0,2016.0,7.0,0,0.45679396,0,Moderate
177,Devbhumi Dwarka,1.0,0.0,2016.0,7.0,0,0.45549598,0,Moderate
512,Narmadapuram,10.0,0.0,2007.0,16.0,0,0.45205626,0,Moderate
288,Jabalpur,11.0,0.0,2007.0,16.0,0,0.45205623,0,Moderate
768,Uttar Kashi Kashi,9.0,1.0,2019.0,4.0,1,0.45165166,0,Moderate
173,Dehradun,10.0,1.0,2018.0,5.0,1,0.4515832,0,Moderate
593,Raigarh,22.0,8.0,2022.0,1.0,0,0.4501156,0,Moderate
571,Pithoragarh,10.0,1.0,2019.0,4.0,1,0.44563362,0,Moderate
202,East,8.0,0.0,2010.0,13.0,0,0.4369499,0,Moderate
7,Akharpur,1.0,0.0,1982.0,41.0,0,0.4278104,0,Moderate
127,Chamoli,19.0,7.0,2021.0,2.0,0,0.42687458,0,Moderate
317,Jhelum,1.0,0.0,1976.0,47.0,0,0.42416763,0,Moderate
671,Silchar,1.0,0.0,1976.0,47.0,0,0.41803396,0,Moderate
204,East & West Purba Purba Medinipur,1.0,0.0,2009.0,14.0,0,0.39855042,0,Moderate
672,Siliguri,2.0,0.0,2006.0,17.0,0,0.39436194,0,Moderate
725,Tehri Garhwal,10.0,1.0,2019.0,4.0,1,0.39273593,0,Moderate
448,Malikkeri,1.0,0.0,2006.0,17.0,0,0.37753278,0,Moderate
582,Purba Medinipur,15.0,0.0,1997.0,26.0,0,0.37664568,0,Moderate
332,Kalimpong,2.0,0.0,1973.0,50.0,0,0.372398,0,Moderate
586,Purbi West Singhbhum,2.0,0.0,1995.0,28.0,0,0.36916092,0,Moderate
534,North westduar,3.0,0.0,2017.0,6.0,0,0.36510646,0,Moderate
68,Bastar,5.0,1.0,2019.0,4.0,0,0.36028597,0,Moderate
269,Haridwar,4.0,0.0,2002.0,21.0,0,0.3591326,0,Moderate
12,Almora,7.0,2.0,2019.0,4.0,0,0.3591326,0,Moderate
801,Yadadri Yadadri Bhuvanagiri,1.0,0.0,2016.0,7.0,0,0.35505065,0,Moderate
528,North Bengal,3.0,0.0,2000.0,23.0,0,0.3549338,0,Moderate
239,Garhwa,10.0,2.0,2019.0,4.0,1,0.3548577,0,Moderate
377,Khurja,1.0,0.0,1975.0,48.0,0,0.3470297,0,Moderate
556,Paschim Purba Bardhaman,2.0,0.0,1989.0,34.0,0,0.3443294,0,Moderate
500,Nainital,5.0,0.0,2002.0,21.0,0,0.3435403,0,Moderate
767,Uttar Kashi Dinajpur,7.0,0.0,2003.0,20.0,0,0.34229016,0,Moderate
86,Bhandara Chandrapur,1.0,0.0,2008.0,15.0,0,0.3411376,0,Moderate
794,West Madhya Pradesh,1.0,0.0,2006.0,17.0,0,0.34101787,0,Moderate
81,Bhadradri Bhadradri Kothagudem kothagudem,1.0,0.0,1976.0,47.0,0,0.336436,0,Moderate
811,neighborhood,1.0,0.0,1995.0,28.0,0,0.32911515,0,Moderate
809,howrah,2.0,0.0,2011.0,12.0,0,0.3266514,0,Moderate
620,Rudra Prayag,4.0,2.0,2019.0,4.0,1,0.3252428,0,Moderate
128,Champawat,2.0,0.0,2001.0,22.0,0,0.3252428,0,Moderate
753,Udam Singh Nagar,2.0,0.0,2001.0,22.0,1,0.3252428,0,Moderate
201,Durg,3.0,2.0,2022.0,1.0,0,0.3241615,0,Moderate
581,Purba Bardhaman,6.0,0.0,2000.0,23.0,0,0.31683305,0,Moderate
281,Howrah,12.0,1.0,2021.0,2.0,0,0.31038633,0,Moderate
509,Narayanpet,4.0,3.0,2022.0,1.0,0,0.30865857,0,Moderate
80,Bhadradri Bhadradri Kothagudem Bhadradri Kothagudem,3.0,2.0,2022.0,1.0,0,0.30865857,0,Moderate
406,Kumuram Bheem Asifabad,1.0,0.0,1978.0,45.0,0,0.30865857,0,Moderate
802,Yadadri Yadadri Bhuvanagiri Yadadri Bhuvanagiri,1.0,0.0,1978.0,45.0,0,0.30865857,0,Moderate
481,Mulugu,1.0,0.0,1978.0,45.0,0,0.30865857,0,Moderate
305,Jangoan,1.0,0.0,1978.0,45.0,0,0.30865857,0,Moderate
497,Nagarkurnool,1.0,0.0,1978.0,45.0,0,0.30865857,0,Moderate
565,Peddapalli,1.0,0.0,1978.0,45.0,0,0.30865857,0,Moderate
720,Suryapet,2.0,1.0,2022.0,1.0,0,0.30865857,0,Moderate
453,Mancherial,1.0,0.0,1978.0,45.0,0,0.30865857,0,Moderate
596,Rajanna Sircilla,3.0,2.0,2022.0,1.0,0,0.30865857,0,Moderate
310,Jayashankar Bhupalapally,2.0,1.0,2022.0,1.0,0,0.30865857,0,Moderate
521,Nirmal,1.0,0.0,1978.0,45.0,0,0.30865857,0,Moderate
435,Mahabubabad,1.0,0.0,1978.0,45.0,0,0.30865857,0,Moderate
810,nalgonda,1.0,0.0,1978.0,45.0,0,0.30865857,0,Moderate
782,Wanaparthy,1.0,0.0,1978.0,45.0,0,0.30865854,0,Moderate
291,Jagitial,1.0,0.0,1978.0,45.0,0,0.30865854,0,Moderate
668,Siddipet,1.0,0.0,1978.0,45.0,0,0.30865854,0,Moderate
629,Sahebganj,2.0,1.0,2019.0,4.0,0,0.3048793,0,Moderate
279,Hooghly,18.0,1.0,2021.0,2.0,0,0.3025998,0,Moderate
557,Paschim Purba Medinipur,12.0,0.0,2001.0,22.0,0,0.30259976,0,Moderate
777,Vikarabad,3.0,1.0,2022.0,1.0,0,0.29765564,0,Low
334,Kamareddy,2.0,0.0,2016.0,7.0,0,0.29765564,0,Low
469,Medchal Malkajgiri,2.0,0.0,2016.0,7.0,0,0.2976556,0,Low
635,Sangareddy,4.0,2.0,2022.0,1.0,0,0.2976556,0,Low
584,Purba Purba Medinipur,17.0,0.0,2011.0,12.0,0,0.2976423,0,Low
451,Manali,1.0,0.0,2012.0,11.0,0,0.2955065,0,Low
547,Palnadu,1.0,0.0,2012.0,11.0,0,0.29395065,0,Low
536,Ntr,1.0,0.0,2012.0,11.0,0,0.29395065,0,Low
419,Leh ladakh,4.0,1.0,2018.0,5.0,1,0.29227573,0,Low
354,Kargil,5.0,0.0,2013.0,10.0,1,0.29227573,0,Low
609,Ranga Reddy,6.0,4.0,2022.0,1.0,0,0.2916023,0,Low
766,Uttar Kashi Bastar Kanker,2.0,0.0,2016.0,7.0,0,0.2839148,0,Low
361,Kashmir,1.0,0.0,2015.0,8.0,0,0.28278384,0,Low
436,Mahabubnagar,11.0,5.0,2022.0,1.0,0,0.27971387,0,Low
203,East & West Godavari,2.0,0.0,2014.0,9.0,0,0.27880087,0,Low
156,Cooch Behar,20.0,1.0,2022.0,1.0,0,0.27144548,0,Low
606,Ramgarh,3.0,0.0,2016.0,7.0,0,0.26537648,0,Low
438,Mahe,1.0,0.0,1986.0,37.0,0,0.26469994,0,Low
572,Pondicherry,3.0,0.0,2015.0,8.0,0,0.26469994,0,Low
805,Yanam,1.0,0.0,1986.0,37.0,0,0.26469994,0,Low
22,Ananthapuramu,10.0,1.0,2021.0,2.0,0,0.2617174,0,Low
391,Kolkata,36.0,1.0,2021.0,2.0,0,0.2613385,0,Low
496,Nagarkoil,1.0,0.0,2017.0,6.0,0,0.25663903,0,Low
322,Jogulamba Gadwal,3.0,1.0,2022.0,1.0,0,0.25538832,0,Low
149,Chittoor,7.0,1.0,2021.0,2.0,0,0.2509819,0,Low
131,Chandel,3.0,0.0,2000.0,23.0,0,0.24603988,0,Low
103,Bishnupur,3.0,0.0,2000.0,23.0,0,0.24603988,0,Low
285,Imphal West,7.0,0.0,2007.0,16.0,0,0.24603988,0,Low
524,Noney,3.0,0.0,2000.0,23.0,0,0.24603988,0,Low
737,Thoubal,5.0,0.0,2000.0,23.0,0,0.24603988,0,Low
757,Ukhrul,3.0,0.0,2000.0,23.0,0,0.24603988,0,Low
721,Tamenglong,6.0,1.0,2018.0,5.0,0,0.24603988,0,Low
341,Kangpokpi,3.0,0.0,2000.0,23.0,0,0.24603988,0,Low
320,Jiribam,4.0,1.0,2022.0,1.0,0,0.24603988,0,Low
335,Kamjong,3.0,0.0,2000.0,23.0,0,0.24603988,0,Low
329,Kakching,3.0,0.0,2000.0,23.0,0,0.24603988,0,Low
284,Imphal East,7.0,0.0,2007.0,16.0,0,0.24603985,0,Low
726,Tengnoupal,3.0,0.0,2000.0,23.0,0,0.24603985,0,Low
569,Pherzawl,3.0,0.0,2000.0,23.0,0,0.24603985,0,Low
153,Churachandpur,3.0,0.0,2000.0,23.0,0,0.24603985,0,Low
646,Senapati,3.0,0.0,2000.0,23.0,0,0.24603985,0,Low
665,Siaha,2.0,0.0,1993.0,30.0,0,0.24396048,0,Low
5,Aizawl,6.0,0.0,2013.0,10.0,1,0.24396047,0,Low
129,Champhai,3.0,0.0,1996.0,27.0,0,0.24396047,0,Low
431,Lunglei,3.0,1.0,2019.0,4.0,0,0.24396047,0,Low
418,Lawngtlai,2.0,0.0,1993.0,30.0,0,0.24396047,0,Low
389,Kolasib,2.0,0.0,1993.0,30.0,0,0.24396047,0,Low
649,Serchhip,2.0,0.0,1993.0,30.0,1,0.24396047,0,Low
450,Mamit,2.0,0.0,1993.0,30.0,0,0.24396047,0,Low
212,East Uttar Kashi Pradesh,3.0,0.0,2001.0,22.0,0,0.24278766,0,Low
207,East Jaintia Hills,3.0,0.0,2001.0,22.0,0,0.24278766,0,Low
781,Vizianagaram,12.0,1.0,2018.0,5.0,0,0.24076976,0,Low
462,Many parts,3.0,0.0,2003.0,20.0,0,0.24011445,0,Low
780,Visakhapatnam,14.0,1.0,2022.0,1.0,0,0.23936579,0,Low
788,West East Jaintia Hills,2.0,0.0,2000.0,23.0,1,0.23931892,0,Low
617,Ri Bhoi,1.0,0.0,2000.0,23.0,1,0.23931892,0,Low
789,West Garo Hills,6.0,0.0,2004.0,19.0,1,0.23931892,0,Low
205,East Garo Hills,3.0,0.0,2000.0,23.0,0,0.23931892,0,Low
793,West Khasi Hills,1.0,0.0,2000.0,23.0,1,0.23931892,0,Low
530,North Garo Hills,1.0,0.0,2000.0,23.0,1,0.23931892,0,Low
695,South Garo Hills,2.0,1.0,2022.0,1.0,0,0.23931892,0,Low
704,South West Khasi Hills,1.0,0.0,2000.0,23.0,0,0.23931892,0,Low
703,South West Garo Hills,2.0,1.0,2022.0,1.0,1,0.23931892,0,Low
209,East Khasi Hills,4.0,1.0,2022.0,1.0,1,0.23931892,0,Low
181,Dhamtari,2.0,0.0,2010.0,13.0,0,0.23900451,0,Low
799,Y.S.R.,9.0,1.0,2021.0,2.0,0,0.23773967,0,Low
535,Northern parts,2.0,0.0,2004.0,19.0,0,0.23664564,0,Low
479,Most parts,1.0,0.0,2003.0,20.0,0,0.23583017,0,Low
217,Ernakulam ant Thiruvananthapuram,1.0,0.0,2005.0,18.0,0,0.23319547,0,Low
705,Southern parts,1.0,0.0,2005.0,18.0,0,0.23319547,0,Low
523,Nizamabad,18.0,6.0,2022.0,1.0,0,0.23170525,0,Low
503,Nalgonda,11.0,1.0,2022.0,1.0,0,0.23126802,0,Low
544,Palamu,1.0,0.0,2008.0,15.0,0,0.23126692,0,Low
0,Adilabad,17.0,1.0,2022.0,1.0,0,0.22955605,0,Low
141,Chhatisgarh,1.0,0.0,2006.0,17.0,0,0.2295287,0,Low
783,Warangal,26.0,8.0,2022.0,1.0,0,0.22938143,0,Low
356,Karimnagar,18.0,6.0,2022.0,1.0,0,0.22938143,0,Low
290,Jagdalpur,3.0,0.0,2016.0,7.0,0,0.2291002,0,Low
709,Srikakulam,11.0,1.0,2018.0,5.0,0,0.2282544,0,Low
468,Medak,14.0,3.0,2022.0,1.0,0,0.22348413,0,Low
249,Godda,1.0,0.0,2007.0,16.0,0,0.22143325,0,Low
707,Sri Potti Sriramulu Nellore,12.0,1.0,2021.0,2.0,0,0.21971898,0,Low
594,Raipur,7.0,0.0,2016.0,7.0,0,0.21727444,0,Low
559,Pashchimi West Singhbhum,1.0,0.0,1994.0,29.0,0,0.21694678,0,Low
206,East Godavari,25.0,3.0,2022.0,1.0,0,0.21505752,0,Low
282,Hyderabad,20.0,6.0,2022.0,1.0,0,0.21366033,0,Low
237,Gangtok,14.0,4.0,2022.0,1.0,0,0.21307032,0,Low
460,Mangan,4.0,2.0,2022.0,1.0,0,0.21307032,0,Low
505,Namchi,4.0,2.0,2020.0,3.0,0,0.21307032,0,Low
262,Gyalshing,6.0,3.0,2020.0,3.0,0,0.21307029,0,Low
408,Kurnool,19.0,1.0,2021.0,2.0,0,0.21247728,0,Low
519,New Delhi,1.0,0.0,1993.0,30.0,0,0.21246575,0,Low
402,Krishna,21.0,0.0,2014.0,9.0,0,0.21117283,0,Low
132,Chandigarh,9.0,0.0,2008.0,15.0,1,0.20828208,0,Low
437,Mahasamund,1.0,0.0,2011.0,12.0,0,0.20800266,0,Low
396,Korba,2.0,0.0,2013.0,10.0,0,0.20800266,0,Low
370,Khammam,24.0,2.0,2022.0,1.0,0,0.2065224,0,Low
428,Lower Subansiri,1.0,0.0,2008.0,15.0,0,0.20618634,0,Low
351,Karaikal,2.0,0.0,2017.0,6.0,0,0.20325674,0,Low
532,North Tripura,13.0,0.0,2012.0,11.0,0,0.20262265,0,Low
575,Prakasam,13.0,0.0,2012.0,11.0,0,0.19824596,0,Low
258,Guntur,17.0,2.0,2022.0,1.0,0,0.19686216,0,Low
790,West Godavari,17.0,1.0,2021.0,2.0,0,0.19686216,0,Low
693,South Assam,1.0,0.0,1989.0,34.0,0,0.19450131,0,Low
510,Narayanpur,2.0,0.0,2016.0,7.0,0,0.19248162,0,Low
797,West Tripura,19.0,1.0,2019.0,4.0,0,0.18810992,0,Low
375,Khowai,9.0,1.0,2019.0,4.0,0,0.18810992,0,Low
701,South Tripura,10.0,1.0,2019.0,4.0,0,0.18810992,0,Low
251,Gomati,8.0,0.0,1995.0,28.0,0,0.18810992,0,Low
180,Dhalai,9.0,1.0,2019.0,4.0,0,0.18810992,0,Low
648,Sepahijala,8.0,0.0,1995.0,28.0,0,0.18810992,0,Low
760,Unakoti,9.0,1.0,2019.0,4.0,0,0.18810992,0,Low
463,Marathwada,1.0,0.0,1986.0,37.0,0,0.18128596,0,Low
256,Gumla,2.0,1.0,2020.0,3.0,0,0.17662494,0,Low
376,Khunti,1.0,0.0,2016.0,7.0,0,0.17661914,0,Low
105,Bokaro,2.0,0.0,2007.0,16.0,0,0.16877924,0,Low
344,Kanniyakumari,3.0,0.0,2015.0,8.0,0,0.1679426,0,Low
306,Janjgir-Champa,2.0,0.0,2016.0,7.0,0,0.1664795,0,Low
95,Bhubaneshwar,1.0,0.0,1983.0,40.0,0,0.16575512,0,Low
41,BagalkoteeBijapur,1.0,0.0,2011.0,12.0,0,0.1583943,0,Low
748,Tripura,1.0,0.0,1981.0,42.0,0,0.15584332,0,Low
599,Rajnandgaon,6.0,1.0,2022.0,1.0,0,0.14273812,0,Low
527,North And Middle Andaman,1.0,0.0,2012.0,11.0,0,0.14249691,0,Low
152,Chumanung,1.0,0.0,1978.0,45.0,0,0.14188822,0,Low
246,Giridih,2.0,0.0,2008.0,15.0,0,0.141099,0,Low
137,Chatra,4.0,0.0,2016.0,7.0,0,0.13571906,0,Low
242,Ghat area,1.0,0.0,1975.0,48.0,0,0.12899186,0,Low
483,Mumbai (Colaba),1.0,0.0,1974.0,49.0,0,0.12492045,0,Low
681,Sivaganga,4.0,0.0,1998.0,25.0,0,0.12254584,0,Low
495,Nagapattinam,10.0,0.0,2017.0,6.0,0,0.12254583,0,Low
610,Ranipet,5.0,1.0,2022.0,1.0,0,0.12254583,0,Low
339,Kancheepuram,9.0,0.0,2010.0,13.0,0,0.12254583,0,Low
744,Tirupathur,4.0,0.0,1998.0,25.0,0,0.12254583,0,Low
727,Tenkasi,4.0,0.0,1998.0,25.0,0,0.12254583,0,Low
333,Kallakurichi,6.0,1.0,2021.0,2.0,0,0.12254583,0,Low
604,Ramanathapuram,7.0,0.0,2010.0,13.0,0,0.12254583,0,Low
778,Viluppuram,10.0,1.0,2021.0,2.0,0,0.12254583,0,Low
578,Pudukkottai,7.0,0.0,2005.0,18.0,0,0.12254583,0,Low
138,Chengalpattu,7.0,0.0,1998.0,25.0,0,0.12254583,0,Low
774,Vellore,11.0,1.0,2021.0,2.0,0,0.122545816,0,Low
362,Kashmir Valley,1.0,0.0,1973.0,50.0,0,0.120959654,0,Low
732,Theni,10.0,1.0,2021.0,2.0,0,0.11831964,0,Low
729,Thanjavur,19.0,2.0,2021.0,2.0,0,0.11831964,0,Low
196,Dindigul,11.0,0.0,2015.0,8.0,0,0.11831963,0,Low
28,Ariyalur,8.0,0.0,2015.0,8.0,0,0.11831963,0,Low
630,Salem,9.0,0.0,2015.0,8.0,0,0.11831963,0,Low
504,Namakkal,9.0,0.0,2015.0,8.0,0,0.11831963,0,Low
358,Karur,7.0,0.0,2015.0,8.0,0,0.11831963,0,Low
155,Coimbatore,17.0,2.0,2019.0,4.0,0,0.11831963,0,Low
566,Perambalur,9.0,0.0,2015.0,8.0,0,0.11831963,0,Low
736,Thoothukkudi,11.0,1.0,2019.0,4.0,0,0.11831963,0,Low
731,The Nilgiris,16.0,0.0,2015.0,8.0,0,0.11831963,0,Low
434,Madurai,12.0,1.0,2021.0,2.0,0,0.11831963,0,Low
403,Krishnagiri,9.0,1.0,2021.0,2.0,0,0.11831963,0,Low
733,Thiruvallur,14.0,0.0,2017.0,6.0,0,0.11831963,0,Low
185,Dharmapuri,8.0,0.0,2015.0,8.0,0,0.11831963,0,Low
218,Erode,9.0,0.0,2015.0,8.0,0,0.11831963,0,Low
735,Thiruvarur,12.0,0.0,2015.0,8.0,0,0.1183196,0,Low
745,Tiruppur,8.0,0.0,2017.0,6.0,0,0.1183196,0,Low
746,Tiruvannamalai,12.0,2.0,2022.0,1.0,0,0.1183196,0,Low
779,Virudhunagar,8.0,0.0,2015.0,8.0,0,0.1183196,0,Low
742,Tiruchirappalli,19.0,0.0,2015.0,8.0,0,0.1183196,0,Low
273,Hazaribagh,5.0,0.0,2016.0,7.0,0,0.11611678,0,Low
157,Cuddalore,13.0,1.0,2019.0,4.0,0,0.11109089,0,Low
345,Kanniyakumariumari,16.0,0.0,2017.0,6.0,0,0.11109086,0,Low
743,Tirunelveli,13.0,2.0,2019.0,4.0,0,0.11109086,0,Low
139,Chennai,27.0,4.0,2022.0,1.0,0,0.1073845,0,Low
82,Bhadradri Kothagudem,2.0,2.0,2022.0,1.0,0,0.10378304,0,Low
485,Mungeli,1.0,0.0,2015.0,8.0,0,0.10087848,0,Low
379,Kiphire,1.0,1.0,2018.0,5.0,0,0.099831335,0,Low
385,Kohima,4.0,1.0,2018.0,5.0,0,0.099831335,0,Low
807,Zunheboto,1.0,1.0,2018.0,5.0,0,0.099831335,0,Low
608,Ranchi,9.0,2.0,2020.0,3.0,0,0.09551364,0,Low
213,East West Singhbhum,1.0,0.0,2016.0,7.0,0,0.089444764,0,Low
719,Surguja,2.0,0.0,2017.0,6.0,0,0.07965643,0,Low
568,Phek,1.0,0.0,2017.0,6.0,0,0.079092644,0,Low
79,Bhadradri Bhadradri Kothagudem,1.0,1.0,2021.0,2.0,0,0.06759933,0,Low
172,Davangere����,1.0,1.0,2021.0,2.0,0,0.06759933,0,Low
713,Sukma,1.0,1.0,2022.0,1.0,0,0.059430137,0,Low
309,Jawad,0.0,0.0,0.0,0.0,0,0.000890203,0,Low
480,Mudigere,0.0,0.0,0.0,0.0,0,0.000890203,0,Low
195,Dimapur,0.0,0.0,0.0,0.0,0,0.000890203,0,Low
175,Deoghar,0.0,0.0,0.0,0.0,0,0.000890203,0,Low
623,Rural,0.0,0.0,0.0,0.0,0,0.000890203,0,Low
621,Rugi,0.0,0.0,0.0,0.0,0,0.000890203,0,Low
307,Jashpur,0.0,0.0,0.0,0.0,0,0.000890203,0,Low
182,Dhanbad,0.0,0.0,0.0,0.0,0,0.000890203,0,Low
765,Uttar Kashi,0.0,0.0,0.0,0.0,0,0.000890203,0,Low
764,Urban,0.0,0.0,0.0,0.0,0,0.000890203,0,Low
798,Wokha,0.0,0.0,0.0,0.0,0,0.000890203,0,Low
51,Balodabazar-Bhatapara,0.0,0.0,0.0,0.0,0,0.000890203,0,Low
602,Ramagiri,0.0,0.0,0.0,0.0,0,0.000890203,0,Low
40,Bagalkotee Udupi,0.0,0.0,0.0,0.0,0,0.000890203,0,Low
796,West Singhbhum,0.0,0.0,0.0,0.0,0,0.000890203,0,Low
800,Yadadri Bhuvanagiri,0.0,0.0,0.0,0.0,0,0.000890203,0,Low
50,Balod,0.0,0.0,0.0,0.0,0,0.000890203,0,Low
199,Dumka,0.0,0.0,0.0,0.0,0,0.000890203,0,Low
474,Mokokchung,0.0,0.0,0.0,0.0,0,0.000890203,0,Low
475,Mon,0.0,0.0,0.0,0.0,0,0.000890203,0,Low
214,Entire village,0.0,0.0,0.0,0.0,0,0.000890203,0,Low
216,Ernakulam Kannur,0.0,0.0,0.0,0.0,0,0.000890203,0,Low
492,Nabarangpur,0.0,0.0,0.0,0.0,0,0.000890203,0,Low
303,Jamtara,0.0,0.0,0.0,0.0,0,0.000890203,0,Low
458,Mangalbari,0.0,0.0,0.0,0.0,0,0.000890203,0,Low
640,Saraikela Kharsawan,0.0,0.0,0.0,0.0,0,0.000890203,0,Low
275,Hilly areas,0.0,0.0,0.0,0.0,0,0.000890203,0,Low
274,Heavy rains Hazaribagh,0.0,0.0,0.0,0.0,0,0.000890203,0,Low
247,Goa,0.0,0.0,0.0,0.0,0,0.000890203,0,Low
706,Sri Muktsar Sahib,0.0,0.0,0.0,0.0,0,0.000890203,0,Low
697,South Gujarat,0.0,0.0,0.0,0.0,0,0.000890203,0,Low
698,South Kashmir,0.0,0.0,0.0,0.0,0,0.000890203,0,Low
692,South Andamans,0.0,0.0,0.0,0.0,0,0.000890203,0,Low
125,Chamarajanagaraa Kalaburagi,0.0,0.0,0.0,0.0,0,0.000890203,0,Low
122,Chamarajanagaraa Davangere,0.0,0.0,0.0,0.0,0,0.000890203,0,Low
123,Chamarajanagaraa Gadag,0.0,0.0,0.0,0.0,0,0.000890203,0,Low
687,Some parts,0.0,0.0,0.0,0.0,0,0.000890203,0,Low
159,Dadra And Nagar Haveli,0.0,0.0,0.0,0.0,0,0.000890203,0,Low
161,Dakshin Bastar Dantewada,0.0,0.0,0.0,0.0,0,0.000890203,0,Low
673,Simdega,0.0,0.0,0.0,0.0,0,0.000890203,0,Low
567,Peren,0.0,0.0,0.0,0.0,0,0.000890203,0,Low
255,Greater Kolkata area,0.0,0.0,0.0,0.0,0,0.000890203,0,Low
325,Kabeerdham,0.0,0.0,0.0,0.0,0,0.000890203,0,Low
555,Paschim Medinipur,0.0,0.0,0.0,0.0,0,0.000890203,0,Low
543,Palampur,0.0,0.0,0.0,0.0,0,0.000890203,0,Low
712,Suburbans,0.0,0.0,0.0,0.0,0,0.000890203,0,Low
424,Longleng,0.0,0.0,0.0,0.0,0,0.000890203,0,Low
541,Pakur,0.0,0.0,0.0,0.0,0,0.000890203,0,Low
384,Koderma,0.0,0.0,0.0,0.0,0,0.000890203,0,Low
387,Kokrajhar Darrang,0.0,0.0,0.0,0.0,0,0.000890203,0,Low
421,Lohardaga,0.0,0.0,0.0,0.0,0,0.000890203,0,Low
74,Bemetara,0.0,0.0,0.0,0.0,0,0.000890203,0,Low
749,Tuensang,0.0,0.0,0.0,0.0,0,0.000890203,0,Low
808,adjoining areas,0.0,0.0,0.0,0.0,0,0.000890203,0,Low
416,Latehar,0.0,0.0,0.0,0.0,0,0.000890203,0,Low
397,Korea,0.0,0.0,0.0,0.0,0,0.000890203,0,Low
